ID,Fecha,Hora,Nombre,Motivo,Estado,Email
T1790445829548,27/09/2026,19:00,Susana,RPG,Asignado,
T1790445847248,04/10/2026,18:00,Susana,kinesiología,Reprogramado,
T1790455101272,02/10/2026,14:00,Marcelo,pediatra,Asignado,
T1790467097820,13/10/2026,17:00,Adrián,RPG,Reprogramado,
T1790467575553,29/01/2027,16:30,Mariela,psiquiatría,Asignado,
T1790515930820,12/10/2026,22:00,Adriana,RPG,Reprogramado,
T1790516765420,13/10/2026,9:45,Adriana,cardiología,Reprogramado,
T1790517955140,12/10/2026,21:30,Adriana,electrocardiograma,Asignado,
T1790518078095,02/10/2026,11:00,Adriana,pedicura,Asignado,
T1790619120224,14/12/2026,19:22,Juan Cruz,Need for Speed,Asignado,
T1790620803053,14/12/2026,8:30,Martín,kinesiología,Reprogramado,
T1790621680978,15/12/2026,12:00,Martín,Year Kung Fu,Asignado,
T1790624062958,17/10/2026,14:23,José Perez,clínico,Asignado,
T1790624640677,30/09/2026,20:00,Martín Waisburd,electrocardiograma,Asignado,mwaisburd@gmail.com
T1790633669110,01/11/2026,23:00,Martín Waisburd,Holter,Asignado,mwaisburd@gmail.com